-- Adventurer Guild Seed Data
-- Run AFTER database/schema.sql
-- This file only reseeds static game content and starter templates.
SET FOREIGN_KEY_CHECKS=0;
DELETE FROM `ag_crafting_recipe_materials`;
DELETE FROM `ag_equipment_definition_source_tags`;
DELETE FROM `ag_equipment_definition_materials`;
DELETE FROM `ag_equipment_definition_stats`;
DELETE FROM `ag_territory_definition_benefits`;
DELETE FROM `ag_territory_definitions`;
DELETE FROM `ag_facility_definition_benefits`;
DELETE FROM `ag_facility_definitions`;
DELETE FROM `ag_faction_definition_quest_types`;
DELETE FROM `ag_world_event_special_quests`;
DELETE FROM `ag_quest_definition_loot`;
DELETE FROM `ag_starter_adventurer_templates`;
DELETE FROM `ag_seasonal_event_definitions`;
DELETE FROM `ag_crafting_recipe_definitions`;
DELETE FROM `ag_crafting_material_definitions`;
DELETE FROM `ag_faction_definitions`;
DELETE FROM `ag_world_event_definitions`;
DELETE FROM `ag_campaign_definitions`;
DELETE FROM `ag_quest_definitions`;
DELETE FROM `ag_equipment_definitions`;
DELETE FROM `ag_constants`;
SET FOREIGN_KEY_CHECKS=1;
INSERT INTO `ag_constants` (`constant_group`, `constant_key`, `value_json`, `description`) VALUES
('guild_constants', 'RECRUIT_REFRESH_COST', 50, NULL),
('guild_constants', 'MAX_ADVENTURERS', 25, NULL),
('guild_constants', 'QUEST_COMPLETION_XP', 100, NULL),
('guild_constants', 'RECRUIT_BASE_COST', 100, NULL),
('guild_constants', 'RECRUIT_COST_MULTIPLIER', 1.2, NULL),
('guild_constants', 'QUEST_TIME_MULTIPLIER', 1, NULL),
('guild_constants', 'GOLD_PER_QUEST_LEVEL', 25, NULL),
('guild_constants', 'EXPERIENCE_PER_QUEST_LEVEL', 50, NULL),
('guild_constants', 'RECRUIT_CLASSES', '["Warrior","Mage","Rogue","Archer"]', NULL),
('guild_constants', 'QUEST_DIFFICULTIES', '["Easy","Medium","Hard","Epic"]', NULL),
('guild_constants', 'ADVENTURER_RANKS', '["Novice","Apprentice","Journeyman","Expert","Master","Legend"]', NULL),
('guild_constants', 'SKILL_GROWTH_RATE', 1, NULL),
('guild_constants', 'PERSONALITY_CHANGE_RATE', 0.1, NULL),
('guild_constants', 'RELATIONSHIP_DECAY_RATE', 0.95, NULL),
('guild_constants', 'RETIREMENT_AGE_THRESHOLD', 8, NULL),
('guild_constants', 'CRAFTING_SUCCESS_BASE_RATE', 0.8, NULL),
('guild_constants', 'TERRITORY_INFLUENCE_DECAY', 0.98, NULL),
('guild_constants', 'FACTION_REPUTATION_DECAY', 0.99, NULL),
('guild_constants', 'LEGACY_BONUS_THRESHOLD', 1000, NULL),
('guild_constants', 'EQUIPMENT_RARITY_WEIGHTS', '{"common":50,"uncommon":30,"rare":15,"epic":4,"legendary":1}', NULL),
('guild_constants', 'FACILITY_BASE_COSTS', '{"forge":500,"training_ground":800,"library":600,"barracks":1000,"treasury":1200}', NULL),
('skill_defaults', 'combat', '{"weaponMastery":0,"tacticalKnowledge":0,"battleRage":0}', NULL),
('skill_defaults', 'magic', '{"spellPower":0,"manaEfficiency":0,"elementalMastery":0}', NULL),
('skill_defaults', 'stealth', '{"lockpicking":0,"sneaking":0,"assassination":0}', NULL),
('skill_defaults', 'survival', '{"tracking":0,"herbalism":0,"animalHandling":0}', NULL),
('personality_defaults', 'courage', 50, NULL),
('personality_defaults', 'loyalty', 50, NULL),
('personality_defaults', 'ambition', 50, NULL),
('personality_defaults', 'teamwork', 50, NULL),
('personality_defaults', 'greed', 50, NULL),
('world_event_frequency', 'COMMON', 0.15, NULL),
('world_event_frequency', 'UNCOMMON', 0.08, NULL),
('world_event_frequency', 'RARE', 0.03, NULL),
('world_event_frequency', 'LEGENDARY', 0.01, NULL),
('legacy_constants', 'GENERATION_DURATION_MIN', 100, NULL),
('legacy_constants', 'HEIRLOOM_ENHANCEMENT', 1.2, NULL),
('legacy_constants', 'DESCENDANT_INHERITANCE', 0.3, NULL),
('legacy_constants', 'REPUTATION_INHERITANCE', 0.25, NULL),
('legacy_constants', 'GOLD_INHERITANCE', 0.15, NULL),
('legacy_constants', 'MAX_HEIRLOOMS', 20, NULL),
('faction_reputation_thresholds', 'NEUTRAL', 0, NULL),
('faction_reputation_thresholds', 'FRIENDLY', 100, NULL),
('faction_reputation_thresholds', 'HONORED', 300, NULL),
('faction_reputation_thresholds', 'REVERED', 600, NULL),
('faction_reputation_thresholds', 'EXALTED', 1000, NULL),
('adventurer_name_pools', 'Warrior', '["Thrain Ironfist","Grom Bloodaxe","Valeria Stormblade","Bjorn Bearkiller"]', NULL),
('adventurer_name_pools', 'Mage', '["Elara Stormweaver","Mordecai Shadowcaster","Sylvana Moonwhisper","Zephyr Windcaller"]', NULL),
('adventurer_name_pools', 'Rogue', '["Shadow Nightstalker","Raven Quickblade","Silk Shadowstep","Ghost Whisperwind"]', NULL),
('adventurer_name_pools', 'Archer', '["Falcon Swiftarrow","Willow Longshot","Hawkeye Stormbow","Ranger Greenleaf"]', NULL);

INSERT INTO `ag_facility_definitions` (`id`, `name`, `description`, `base_cost`, `max_level`, `upgrade_cost_multiplier`, `sort_order`) VALUES
('forge', 'Guild Forge', 'Produces and repairs martial equipment.', 500, 5, 0.75, 1),
('training_ground', 'Training Grounds', 'Improves adventurer readiness and skill growth.', 800, 5, 0.75, 2),
('library', 'Guild Library', 'Keeps records, lore, and quest intelligence.', 600, 5, 0.75, 3),
('barracks', 'Barracks', 'Houses and recovers larger adventurer rosters.', 1000, 5, 0.75, 4),
('treasury', 'Treasury Vault', 'Secures guild wealth and improves financial handling.', 1200, 5, 0.75, 5);

INSERT INTO `ag_facility_definition_benefits` (`facility_id`, `benefit_key`, `base_value`, `per_level_value`) VALUES
('forge', 'craftingLevel', 1, 1),
('forge', 'weaponQualityBonus', 5, 5),
('training_ground', 'experienceGainBonus', 5, 5),
('training_ground', 'recruitTrainingBonus', 5, 5),
('library', 'magicResearchBonus', 5, 5),
('library', 'questIntelBonus', 5, 5),
('barracks', 'maxRosterBonus', 5, 5),
('barracks', 'recoveryBonus', 5, 5),
('treasury', 'goldStorageBonus', 10, 10),
('treasury', 'taxEfficiencyBonus', 5, 5);

INSERT INTO `ag_territory_definitions` (`id`, `name`, `base_cost`, `sort_order`) VALUES
('greenwood_village', 'Greenwood Village', 500, 1),
('iron_hills_mine', 'Iron Hills Mining District', 800, 2),
('crystal_caves', 'Crystal Caves Network', 1200, 3),
('merchants_quarter', 'Merchants'' Quarter', 1500, 4),
('ancient_ruins', 'Ancient Ruins Complex', 2000, 5),
('frontier_outpost', 'Frontier Outpost', 1000, 6),
('magical_academy', 'Arcane Academy District', 1800, 7),
('port_district', 'Harbor Port District', 1600, 8);

INSERT INTO `ag_territory_definition_benefits` (`territory_id`, `benefit_key`, `benefit_value_decimal`, `benefit_value_bool`, `benefit_value_text`, `sort_order`) VALUES
('greenwood_village', 'goldBonus', 0.10, NULL, NULL, 1),
('greenwood_village', 'questAccess', NULL, NULL, 'forest_patrol', 2),
('greenwood_village', 'questAccess', NULL, NULL, 'bandit_cleanup', 3),
('greenwood_village', 'questAccess', NULL, NULL, 'harvest_protection', 4),
('greenwood_village', 'recruitAccess', NULL, 1, NULL, 5),
('iron_hills_mine', 'goldBonus', 0.15, NULL, NULL, 1),
('iron_hills_mine', 'questAccess', NULL, NULL, 'mine_security', 2),
('iron_hills_mine', 'questAccess', NULL, NULL, 'ore_transport', 3),
('iron_hills_mine', 'questAccess', NULL, NULL, 'underground_exploration', 4),
('crystal_caves', 'goldBonus', 0.20, NULL, NULL, 1),
('crystal_caves', 'questAccess', NULL, NULL, 'crystal_harvesting', 2),
('crystal_caves', 'questAccess', NULL, NULL, 'cave_mapping', 3),
('crystal_caves', 'questAccess', NULL, NULL, 'monster_clearing', 4),
('merchants_quarter', 'goldBonus', 0.25, NULL, NULL, 1),
('merchants_quarter', 'recruitAccess', NULL, 1, NULL, 2),
('merchants_quarter', 'questAccess', NULL, NULL, 'trade_route_security', 3),
('merchants_quarter', 'questAccess', NULL, NULL, 'merchant_escort', 4),
('merchants_quarter', 'questAccess', NULL, NULL, 'market_investigation', 5),
('ancient_ruins', 'goldBonus', 0.30, NULL, NULL, 1),
('ancient_ruins', 'questAccess', NULL, NULL, 'archaeological_expedition', 2),
('ancient_ruins', 'questAccess', NULL, NULL, 'relic_recovery', 3),
('ancient_ruins', 'questAccess', NULL, NULL, 'guardian_awakening', 4),
('frontier_outpost', 'goldBonus', 0.10, NULL, NULL, 1),
('frontier_outpost', 'recruitAccess', NULL, 1, NULL, 2),
('frontier_outpost', 'questAccess', NULL, NULL, 'wilderness_scout', 3),
('frontier_outpost', 'questAccess', NULL, NULL, 'monster_hunt', 4),
('frontier_outpost', 'questAccess', NULL, NULL, 'territory_expansion', 5),
('magical_academy', 'goldBonus', 0.15, NULL, NULL, 1),
('magical_academy', 'questAccess', NULL, NULL, 'magical_research', 2),
('magical_academy', 'questAccess', NULL, NULL, 'artifact_study', 3),
('magical_academy', 'questAccess', NULL, NULL, 'spell_component_gathering', 4),
('port_district', 'goldBonus', 0.20, NULL, NULL, 1),
('port_district', 'recruitAccess', NULL, 1, NULL, 2),
('port_district', 'questAccess', NULL, NULL, 'pirate_hunting', 3),
('port_district', 'questAccess', NULL, NULL, 'cargo_protection', 4),
('port_district', 'questAccess', NULL, NULL, 'naval_exploration', 5);

INSERT INTO `ag_equipment_definitions` (`id`, `name`, `type`, `rarity`, `crafted_default`) VALUES
('aethermoor_blessing', 'Blessing of Aethermoor', 'accessory', 'legendary', 0),
('ancient_map', 'Ancient Map Fragment', 'accessory', 'uncommon', 0),
('bloom_staff', 'Staff of Eternal Bloom', 'weapon', 'epic', 0),
('bounty_pouch', 'Endless Bounty Pouch', 'accessory', 'rare', 0),
('crafted_crown_of_legends', 'Crown of Legendary Heroes', 'accessory', 'legendary', 1),
('crafted_crystal_pendant', 'Pendant of Crystal Clarity', 'accessory', 'rare', 1),
('crafted_divine_blade', 'Blade of Divine Justice', 'weapon', 'legendary', 1),
('crafted_enchanted_robes', 'Robes of Arcane Power', 'armor', 'rare', 1),
('crafted_eternal_armor', 'Armor of Eternal Protection', 'armor', 'legendary', 1),
('crafted_iron_sword', 'Masterwork Iron Sword', 'weapon', 'uncommon', 1),
('crafted_leather_armor', 'Reinforced Leather Armor', 'armor', 'uncommon', 1),
('crafted_mithril_sword', 'Legendary Mithril Blade', 'weapon', 'epic', 1),
('crafted_phoenix_amulet', 'Amulet of Phoenix Fire', 'accessory', 'epic', 1),
('crafted_shadow_cloak', 'Cloak of Eternal Shadows', 'armor', 'epic', 1),
('crafted_silver_blade', 'Gleaming Silver Blade', 'weapon', 'rare', 1),
('crown_of_aethermoor', 'Crown of Aethermoor', 'accessory', 'legendary', 0),
('cultist_cloak', 'Cultist''s Cloak', 'armor', 'uncommon', 0),
('dragon_heart_amulet', 'Dragon Heart Amulet', 'accessory', 'legendary', 0),
('dragon_scale_armor', 'Dragon Scale Armor', 'armor', 'legendary', 0),
('dragon_slayer_title', 'Dragon Slayer''s Mantle', 'armor', 'legendary', 0),
('dragonscale_armor', 'True Dragonscale Armor', 'armor', 'legendary', 0),
('dragonslayer_sword', 'Dragonslayer''s Blade', 'weapon', 'legendary', 0),
('flame_cloak', 'Cloak of Dancing Flames', 'armor', 'epic', 0),
('frost_crown', 'Crown of Eternal Winter', 'accessory', 'legendary', 0),
('guardian_core', 'Guardian''s Core', 'accessory', 'rare', 0),
('guild_protector_badge', 'Guild Protector''s Badge', 'accessory', 'epic', 0),
('harvest_scythe', 'Moonlit Harvest Scythe', 'weapon', 'epic', 0),
('ice_blade', 'Blade of Frozen Tears', 'weapon', 'epic', 0),
('master_thieves_blade', 'Master Thief''s Blade', 'weapon', 'epic', 0),
('nature_crown', 'Crown of Nature''s Favor', 'accessory', 'rare', 0),
('ritual_disrupting_blade', 'Ritual Disrupting Blade', 'weapon', 'rare', 0),
('shadow_cloak', 'Cloak of Shadows', 'armor', 'rare', 0),
('solar_blade', 'Sword of Solar Flare', 'weapon', 'legendary', 0),
('thieves_tools', 'Master Thief''s Tools', 'accessory', 'uncommon', 0);

INSERT INTO `ag_equipment_definition_stats` (`equipment_definition_id`, `stat_key`, `stat_value`) VALUES
('crafted_iron_sword', 'strength', 12),
('crafted_iron_sword', 'vitality', 5),
('crafted_silver_blade', 'strength', 18),
('crafted_silver_blade', 'intelligence', 8),
('crafted_silver_blade', 'dexterity', 5),
('crafted_mithril_sword', 'strength', 25),
('crafted_mithril_sword', 'intelligence', 12),
('crafted_mithril_sword', 'dexterity', 10),
('crafted_mithril_sword', 'vitality', 8),
('crafted_leather_armor', 'dexterity', 10),
('crafted_leather_armor', 'vitality', 8),
('crafted_enchanted_robes', 'intelligence', 20),
('crafted_enchanted_robes', 'dexterity', 8),
('crafted_enchanted_robes', 'vitality', 5),
('crafted_shadow_cloak', 'dexterity', 22),
('crafted_shadow_cloak', 'intelligence', 15),
('crafted_shadow_cloak', 'vitality', 12),
('crafted_crystal_pendant', 'intelligence', 15),
('crafted_crystal_pendant', 'dexterity', 8),
('crafted_crystal_pendant', 'vitality', 5),
('crafted_phoenix_amulet', 'intelligence', 20),
('crafted_phoenix_amulet', 'strength', 15),
('crafted_phoenix_amulet', 'vitality', 18),
('crafted_divine_blade', 'strength', 40),
('crafted_divine_blade', 'intelligence', 25),
('crafted_divine_blade', 'dexterity', 20),
('crafted_divine_blade', 'vitality', 30),
('crafted_eternal_armor', 'vitality', 50),
('crafted_eternal_armor', 'strength', 20),
('crafted_eternal_armor', 'intelligence', 20),
('crafted_eternal_armor', 'dexterity', 15),
('crafted_crown_of_legends', 'intelligence', 35),
('crafted_crown_of_legends', 'strength', 25),
('crafted_crown_of_legends', 'dexterity', 25),
('crafted_crown_of_legends', 'vitality', 35);

INSERT INTO `ag_equipment_definition_materials` (`equipment_definition_id`, `material_id`) VALUES
('crafted_iron_sword', 'iron_ore'),
('crafted_iron_sword', 'wood_planks'),
('crafted_silver_blade', 'silver_ingot'),
('crafted_silver_blade', 'crystal_shard'),
('crafted_silver_blade', 'magic_essence'),
('crafted_mithril_sword', 'mithril_ore'),
('crafted_mithril_sword', 'moonstone'),
('crafted_mithril_sword', 'blessed_water'),
('crafted_leather_armor', 'leather_scraps'),
('crafted_enchanted_robes', 'enchanted_cloth'),
('crafted_enchanted_robes', 'magic_essence'),
('crafted_enchanted_robes', 'crystal_shard'),
('crafted_shadow_cloak', 'shadow_silk'),
('crafted_shadow_cloak', 'void_essence'),
('crafted_shadow_cloak', 'moonstone'),
('crafted_crystal_pendant', 'crystal_shard'),
('crafted_crystal_pendant', 'silver_ingot'),
('crafted_crystal_pendant', 'magic_essence'),
('crafted_phoenix_amulet', 'phoenix_feather'),
('crafted_phoenix_amulet', 'star_fragment'),
('crafted_phoenix_amulet', 'blessed_water'),
('crafted_divine_blade', 'divine_metal'),
('crafted_divine_blade', 'essence_of_eternity'),
('crafted_divine_blade', 'primordial_crystal'),
('crafted_eternal_armor', 'divine_metal'),
('crafted_eternal_armor', 'dragon_scale'),
('crafted_eternal_armor', 'adamantine'),
('crafted_crown_of_legends', 'primordial_crystal'),
('crafted_crown_of_legends', 'essence_of_eternity'),
('crafted_crown_of_legends', 'star_fragment');

INSERT INTO `ag_equipment_definition_source_tags` (`equipment_definition_id`, `source_tag`) VALUES
('crafted_iron_sword', 'crafting:iron_sword'),
('crafted_silver_blade', 'crafting:silver_blade'),
('crafted_mithril_sword', 'crafting:mithril_sword'),
('crafted_leather_armor', 'crafting:leather_armor'),
('crafted_enchanted_robes', 'crafting:enchanted_robes'),
('crafted_shadow_cloak', 'crafting:shadow_cloak'),
('crafted_crystal_pendant', 'crafting:crystal_pendant'),
('crafted_phoenix_amulet', 'crafting:phoenix_amulet'),
('crafted_divine_blade', 'crafting:divine_blade'),
('crafted_eternal_armor', 'crafting:eternal_armor'),
('crafted_crown_of_legends', 'crafting:crown_of_legends');

INSERT INTO `ag_quest_definitions` (`id`, `source_type`, `source_ref`, `name`, `description`, `reward`, `duration_value`, `duration_unit`, `min_level`, `preferred_classes_json`, `skill_requirements_json`, `personality_requirements_json`, `difficulty`, `status`, `quest_type`, `campaign_id`, `world_event_id`, `seasonal_event_id`, `experience_reward`, `skill_rewards_json`, `loot_table_json`, `procedural`, `sort_order`) VALUES
('goblin_camp', 'standard', NULL, 'Clear Goblin Camp', 'A goblin camp has been established near the village. Clear it out to protect the locals.', 150, 1800000, 'frontend_raw', 1, '["Warrior","Rogue"]', NULL, NULL, 'Easy', 'available', 'standard', NULL, NULL, NULL, 50, NULL, NULL, 0, 1),
('dragon_hunt', 'standard', NULL, 'Dragon Hunt', 'A dragon has been terrorizing the countryside. Hunt it down and claim the reward.', 500, 3600000, 'frontend_raw', 5, '["Warrior","Mage"]', NULL, NULL, 'Hard', 'available', 'standard', NULL, NULL, NULL, 200, NULL, NULL, 0, 2),
('bandit_ambush', 'standard', NULL, 'Bandit Ambush', 'Bandits have set up an ambush on the main trade route. Deal with them.', 300, 2400000, 'frontend_raw', 3, '["Rogue","Archer"]', NULL, NULL, 'Medium', 'available', 'standard', NULL, NULL, NULL, 120, NULL, NULL, 0, 3),
('treasure_hunt', 'standard', NULL, 'Lost Treasure', 'Locate and retrieve the lost treasure from the ancient ruins.', 400, 3000000, 'frontend_raw', 4, '["Mage","Rogue"]', NULL, NULL, 'Medium', 'available', 'standard', NULL, NULL, NULL, 160, NULL, NULL, 0, 4),
('dragon_01_scouts', 'campaign', 'dragon_threat', 'Dragon Cult Scouts', 'Reports have come in of strange hooded figures scouting the countryside. They bear the mark of an ancient dragon cult. Investigate their activities and gather intelligence.', 200, 2, 'frontend_raw', 2, '["Rogue","Archer"]', '{"stealth.sneaking":10}', NULL, 'Medium', 'available', 'campaign', 'dragon_threat', NULL, NULL, 50, '{"stealth.sneaking":5,"survival.tracking":3}', '[{"id":"cultist_cloak","name":"Cultist''s Cloak","type":"armor","rarity":"uncommon","stats":{"dexterity":8,"vitality":5},"crafted":false}]', 0, 5),
('dragon_02_ritual', 'campaign', 'dragon_threat', 'Disrupted Ritual', 'The cult is performing dark rituals to awaken an ancient dragon. Their ritual site has been located in the Whispering Woods. Stop them before it''s too late!', 400, 4, 'frontend_raw', 4, '["Mage","Warrior"]', '{"magic.spellPower":15,"combat.weaponMastery":15}', '{"courage":{"min":70}}', 'Hard', 'available', 'campaign', 'dragon_threat', NULL, NULL, 100, '{"magic.spellPower":8,"combat.weaponMastery":8}', '[{"id":"ritual_disrupting_blade","name":"Ritual Disrupting Blade","type":"weapon","rarity":"rare","stats":{"strength":15,"intelligence":10},"crafted":false}]', 0, 6),
('dragon_03_awakening', 'campaign', 'dragon_threat', 'The Dragon Awakens', 'Despite your efforts, the dragon has partially awakened. It rages across the land, destroying everything in its path. Only the bravest heroes can hope to stand against such a beast.', 1000, 7, 'frontend_raw', 8, '["Warrior","Mage"]', '{"combat.weaponMastery":25,"magic.spellPower":25,"combat.battleRage":20}', '{"courage":{"min":90},"teamwork":{"min":80}}', 'Epic', 'available', 'campaign', 'dragon_threat', NULL, NULL, 200, '{"combat.weaponMastery":15,"magic.spellPower":15,"combat.battleRage":10}', '[{"id":"dragonslayer_sword","name":"Dragonslayer''s Blade","type":"weapon","rarity":"legendary","stats":{"strength":35,"vitality":20,"intelligence":15},"crafted":false},{"id":"dragon_scale_armor","name":"Dragon Scale Armor","type":"armor","rarity":"legendary","stats":{"vitality":40,"strength":15},"crafted":false}]', 0, 7),
('kingdom_01_ruins', 'campaign', 'lost_kingdom', 'Ancient Ruins Discovery', 'Ancient ruins have been discovered that match descriptions of the lost Kingdom of Aethermoor. Initial exploration is needed to determine if this is indeed the legendary lost realm.', 150, 3, 'frontend_raw', 1, '["Archer","Rogue"]', '{"survival.tracking":8}', NULL, 'Easy', 'available', 'campaign', 'lost_kingdom', NULL, NULL, 40, '{"survival.tracking":5,"survival.herbalism":3}', '[{"id":"ancient_map","name":"Ancient Map Fragment","type":"accessory","rarity":"uncommon","stats":{"intelligence":5,"dexterity":5},"crafted":false}]', 0, 8),
('kingdom_02_guardians', 'campaign', 'lost_kingdom', 'Awakened Guardians', 'Your presence in the ruins has awakened ancient magical guardians. These constructs protect the kingdom''s secrets, but they must be overcome to proceed deeper.', 300, 4, 'frontend_raw', 3, '["Warrior","Mage"]', '{"combat.weaponMastery":12,"magic.spellPower":12}', NULL, 'Medium', 'available', 'campaign', 'lost_kingdom', NULL, NULL, 70, '{"combat.weaponMastery":6,"magic.spellPower":6}', '[{"id":"guardian_core","name":"Guardian''s Core","type":"accessory","rarity":"rare","stats":{"intelligence":12,"vitality":8},"crafted":false}]', 0, 9),
('kingdom_03_treasury', 'campaign', 'lost_kingdom', 'The Royal Treasury', 'You''ve reached the heart of Aethermoor - the royal treasury. But it''s guarded by the kingdom''s most powerful defenses and the spirit of its last king.', 800, 6, 'frontend_raw', 6, '["Mage","Warrior"]', '{"magic.spellPower":20,"combat.tacticalKnowledge":15,"magic.elementalMastery":18}', '{"ambition":{"min":60},"courage":{"min":75}}', 'Hard', 'available', 'campaign', 'lost_kingdom', NULL, NULL, 150, '{"magic.spellPower":12,"combat.tacticalKnowledge":10,"magic.elementalMastery":8}', '[{"id":"crown_of_aethermoor","name":"Crown of Aethermoor","type":"accessory","rarity":"legendary","stats":{"intelligence":30,"strength":10,"dexterity":10,"vitality":10},"crafted":false}]', 0, 10),
('thieves_01_infiltration', 'campaign', 'thieves_guild', 'Guild Infiltration', 'A rival thieves'' guild has been stealing contracts from legitimate adventurer guilds. Infiltrate their organization to gather evidence of their crimes.', 180, 2, 'frontend_raw', 2, '["Rogue"]', '{"stealth.sneaking":15,"stealth.lockpicking":10}', '{"greed":{"max":60}}', 'Medium', 'available', 'campaign', 'thieves_guild', NULL, NULL, 45, '{"stealth.sneaking":8,"stealth.lockpicking":5}', '[{"id":"thieves_tools","name":"Master Thief''s Tools","type":"accessory","rarity":"uncommon","stats":{"dexterity":10,"intelligence":5},"crafted":false}]', 0, 11),
('thieves_02_heist', 'campaign', 'thieves_guild', 'The Grand Heist', 'The thieves'' guild is planning to steal a powerful artifact from the city''s temple. Stop their heist and recover the artifact before it falls into the wrong hands.', 350, 5, 'frontend_raw', 5, '["Rogue","Warrior"]', '{"stealth.sneaking":18,"combat.tacticalKnowledge":15,"stealth.lockpicking":12}', NULL, 'Hard', 'available', 'campaign', 'thieves_guild', NULL, NULL, 85, '{"stealth.sneaking":10,"combat.tacticalKnowledge":8}', '[{"id":"shadow_cloak","name":"Cloak of Shadows","type":"armor","rarity":"rare","stats":{"dexterity":18,"intelligence":8},"crafted":false}]', 0, 12),
('thieves_03_showdown', 'campaign', 'thieves_guild', 'Guild Master Showdown', 'Track down the guild master of the thieves'' organization. This master thief has eluded justice for years, but with the evidence you''ve gathered, it''s time for a final confrontation.', 600, 4, 'frontend_raw', 7, '["Rogue","Archer"]', '{"stealth.assassination":20,"stealth.sneaking":25,"combat.tacticalKnowledge":18}', '{"loyalty":{"min":80},"courage":{"min":70}}', 'Epic', 'available', 'campaign', 'thieves_guild', NULL, NULL, 120, '{"stealth.assassination":12,"stealth.sneaking":10,"combat.tacticalKnowledge":8}', '[{"id":"master_thieves_blade","name":"Master Thief''s Blade","type":"weapon","rarity":"epic","stats":{"dexterity":25,"strength":15,"intelligence":10},"crafted":false}]', 0, 13),
('festival_guard_duty', 'world_event', 'merchant_festival', 'Festival Security', 'The merchant festival needs security to prevent theft and maintain order among the crowds.', 150, 1, 'frontend_raw', 1, '["Warrior","Archer"]', NULL, NULL, 'Easy', 'available', 'world_event', NULL, 'merchant_festival', NULL, 30, '{"combat.tacticalKnowledge":3}', NULL, 0, 14),
('merchant_escort', 'world_event', 'merchant_festival', 'VIP Merchant Escort', 'A wealthy merchant needs protection while transporting valuable goods to the festival.', 300, 3, 'frontend_raw', 3, '["Warrior","Rogue"]', NULL, NULL, 'Medium', 'available', 'world_event', NULL, 'merchant_festival', NULL, 60, '{"combat.weaponMastery":5,"survival.tracking":3}', NULL, 0, 15),
('magical_anomaly', 'world_event', 'arcane_surge', 'Magical Anomaly Investigation', 'Strange magical phenomena are occurring throughout the city. Investigate and contain these anomalies.', 250, 2, 'frontend_raw', 3, '["Mage"]', '{"magic.spellPower":15}', NULL, 'Medium', 'available', 'world_event', NULL, 'arcane_surge', NULL, 50, '{"magic.spellPower":8,"magic.elementalMastery":5}', NULL, 0, 16),
('unstable_portal', 'world_event', 'arcane_surge', 'Unstable Portal Closure', 'An unstable magical portal has opened in the town square. Close it before something dangerous comes through.', 500, 4, 'frontend_raw', 5, '["Mage"]', '{"magic.spellPower":20,"magic.elementalMastery":15}', NULL, 'Hard', 'available', 'world_event', NULL, 'arcane_surge', NULL, 100, '{"magic.spellPower":12,"magic.elementalMastery":10}', NULL, 0, 17),
('goblin_raid_defense', 'world_event', 'goblin_uprising', 'Village Defense', 'A village is under attack by organized goblin raiders. Defend the innocent and drive off the attackers.', 400, 2, 'frontend_raw', 4, '["Warrior","Archer"]', NULL, '{"courage":{"min":60}}', 'Hard', 'available', 'world_event', NULL, 'goblin_uprising', NULL, 80, '{"combat.weaponMastery":8,"combat.battleRage":6}', NULL, 0, 18),
('warlord_hunt', 'world_event', 'goblin_uprising', 'Hunt the Goblin Warlord', 'Track down and eliminate the goblin warlord who has united the tribes. End this uprising at its source.', 800, 7, 'frontend_raw', 7, '["Warrior","Archer","Rogue"]', '{"combat.weaponMastery":20,"survival.tracking":15}', '{"courage":{"min":80},"teamwork":{"min":70}}', 'Epic', 'available', 'world_event', NULL, 'goblin_uprising', NULL, 160, '{"combat.weaponMastery":15,"combat.battleRage":12,"survival.tracking":10}', NULL, 0, 19),
('rift_sealing', 'world_event', 'planar_rift', 'Planar Rift Sealing', 'Use powerful magic to seal tears in reality before more dangerous creatures emerge.', 1000, 6, 'frontend_raw', 8, '["Mage"]', '{"magic.spellPower":25,"magic.elementalMastery":20,"magic.manaEfficiency":15}', '{"courage":{"min":85}}', 'Epic', 'available', 'world_event', NULL, 'planar_rift', NULL, 200, '{"magic.spellPower":20,"magic.elementalMastery":15,"magic.manaEfficiency":10}', NULL, 0, 20),
('planar_creature_hunt', 'world_event', 'planar_rift', 'Otherworldly Beast Hunt', 'Hunt down the dangerous creatures that have escaped through the planar rifts before they can establish territory.', 600, 5, 'frontend_raw', 6, '["Warrior","Archer"]', '{"combat.weaponMastery":18,"survival.tracking":12}', NULL, 'Hard', 'available', 'world_event', NULL, 'planar_rift', NULL, 120, '{"combat.weaponMastery":10,"survival.tracking":8,"combat.battleRage":6}', NULL, 0, 21),
('awaken_grove', 'seasonal', 'spring_awakening', 'Awaken the Sacred Grove', 'Help the forest spirits perform the ritual of spring awakening in the ancient sacred grove.', 300, 4, 'frontend_raw', 3, '["Mage","Archer"]', '{"magic.elementalMastery":12,"survival.herbalism":10}', '{"ambition":{"min":40}}', 'Medium', 'available', 'seasonal', NULL, NULL, 'spring_awakening', 80, '{"magic.elementalMastery":10,"survival.herbalism":8}', NULL, 0, 22),
('flower_festival', 'seasonal', 'spring_awakening', 'Flower Festival Guardian', 'Protect the flower festival from creatures corrupted by winter''s lingering darkness.', 200, 2, 'frontend_raw', 2, '["Warrior","Rogue"]', NULL, NULL, 'Easy', 'available', 'seasonal', NULL, NULL, 'spring_awakening', 50, '{"combat.weaponMastery":6}', NULL, 0, 23),
('trials_of_flame', 'seasonal', 'summer_solstice', 'Trials of the Eternal Flame', 'Prove your worth by completing the ancient fire trials that test courage, strength, and wisdom.', 500, 6, 'frontend_raw', 5, '["Warrior","Mage"]', '{"combat.battleRage":15,"magic.elementalMastery":18}', '{"courage":{"min":75}}', 'Hard', 'available', 'seasonal', NULL, NULL, 'summer_solstice', 120, '{"combat.battleRage":12,"magic.elementalMastery":10}', NULL, 0, 24),
('fire_elemental_pact', 'seasonal', 'summer_solstice', 'Forge a Fire Elemental Pact', 'Negotiate with powerful fire elementals to secure their blessing for your guild.', 400, 3, 'frontend_raw', 6, '["Mage"]', '{"magic.elementalMastery":20,"magic.spellPower":22}', '{"ambition":{"min":70}}', 'Hard', 'available', 'seasonal', NULL, NULL, 'summer_solstice', 100, '{"magic.elementalMastery":15,"magic.spellPower":12}', NULL, 0, 25),
('protect_harvest', 'seasonal', 'harvest_moon', 'Protect the Great Harvest', 'Guard the village harvest from ravenous creatures drawn by the abundance of food.', 350, 5, 'frontend_raw', 4, '["Warrior","Archer"]', '{"combat.weaponMastery":16,"survival.tracking":12}', NULL, 'Medium', 'available', 'seasonal', NULL, NULL, 'harvest_moon', 85, '{"combat.weaponMastery":8,"survival.tracking":6}', NULL, 0, 26),
('moon_ritual', 'seasonal', 'harvest_moon', 'Harvest Moon Blessing Ritual', 'Participate in the sacred ritual to bless the harvest and ensure prosperity for the coming winter.', 250, 3, 'frontend_raw', 3, '["Mage"]', '{"magic.elementalMastery":14}', '{"teamwork":{"min":60}}', 'Medium', 'available', 'seasonal', NULL, NULL, 'harvest_moon', 65, '{"magic.elementalMastery":8,"magic.manaEfficiency":6}', NULL, 0, 27),
('ice_palace', 'seasonal', 'winter_solstice', 'Explore the Ice Palace', 'Venture into the mystical ice palace that appears only on the longest night.', 600, 8, 'frontend_raw', 7, '["Mage","Warrior"]', '{"magic.elementalMastery":25,"combat.tacticalKnowledge":20}', '{"courage":{"min":80},"ambition":{"min":65}}', 'Epic', 'available', 'seasonal', NULL, NULL, 'winter_solstice', 150, '{"magic.elementalMastery":18,"combat.tacticalKnowledge":15}', NULL, 0, 28),
('winter_spirit', 'seasonal', 'winter_solstice', 'Commune with Winter Spirits', 'Seek wisdom from the ancient spirits of winter who remember the world''s earliest days.', 400, 4, 'frontend_raw', 5, '["Mage"]', '{"magic.spellPower":18,"magic.manaEfficiency":15}', '{"loyalty":{"min":70}}', 'Hard', 'available', 'seasonal', NULL, NULL, 'winter_solstice', 95, '{"magic.spellPower":12,"magic.manaEfficiency":10}', NULL, 0, 29),
('dragon_trial', 'seasonal', 'dragons_return', 'Trial of the Ancient Dragon', 'Face the ultimate test as an ancient dragon evaluates your guild''s worthiness.', 1000, 10, 'frontend_raw', 10, '["Warrior","Mage"]', '{"combat.weaponMastery":30,"magic.spellPower":30,"combat.battleRage":25,"magic.elementalMastery":25}', '{"courage":{"min":90},"loyalty":{"min":85},"teamwork":{"min":80}}', 'Epic', 'available', 'seasonal', NULL, NULL, 'dragons_return', 250, '{"combat.weaponMastery":20,"magic.spellPower":20,"combat.battleRage":15,"magic.elementalMastery":15}', NULL, 0, 30);

INSERT INTO `ag_campaign_definitions` (`id`, `name`, `description`, `quest_ids_json`, `rewards_json`, `sort_order`) VALUES
('dragon_threat', 'The Dragon Threat', 'An ancient dragon cult seeks to awaken a terrible beast that has slumbered for centuries. Can your guild stop them before it''s too late?', '["dragon_01_scouts","dragon_02_ritual","dragon_03_awakening"]', '{"gold":2000,"reputation":300,"items":[{"id":"dragon_slayer_title","name":"Dragon Slayer''s Mantle","type":"armor","rarity":"legendary","stats":{"strength":25,"vitality":25,"intelligence":15,"dexterity":15},"crafted":false}]}', 1),
('lost_kingdom', 'The Lost Kingdom of Aethermoor', 'Legends speak of a kingdom that vanished overnight, leaving behind only ruins and treasures. Explore its mysteries and uncover its fate.', '["kingdom_01_ruins","kingdom_02_guardians","kingdom_03_treasury"]', '{"gold":1500,"reputation":200,"items":[{"id":"aethermoor_blessing","name":"Blessing of Aethermoor","type":"accessory","rarity":"legendary","stats":{"intelligence":20,"strength":20,"dexterity":20,"vitality":20},"crafted":false}]}', 2),
('thieves_guild', 'War of the Guilds', 'A corrupt thieves'' guild threatens the reputation of all adventurer organizations. Infiltrate their ranks and bring them to justice.', '["thieves_01_infiltration","thieves_02_heist","thieves_03_showdown"]', '{"gold":1200,"reputation":250,"items":[{"id":"guild_protector_badge","name":"Guild Protector''s Badge","type":"accessory","rarity":"epic","stats":{"intelligence":15,"dexterity":15,"vitality":10},"crafted":false}]}', 3);

INSERT INTO `ag_quest_definition_loot` (`quest_id`, `equipment_definition_id`, `quantity`, `sort_order`) VALUES
('dragon_01_scouts', 'cultist_cloak', 1, 1),
('dragon_02_ritual', 'ritual_disrupting_blade', 1, 1),
('dragon_03_awakening', 'dragonslayer_sword', 1, 1),
('dragon_03_awakening', 'dragon_scale_armor', 1, 2),
('kingdom_01_ruins', 'ancient_map', 1, 1),
('kingdom_02_guardians', 'guardian_core', 1, 1),
('kingdom_03_treasury', 'crown_of_aethermoor', 1, 1),
('thieves_01_infiltration', 'thieves_tools', 1, 1),
('thieves_02_heist', 'shadow_cloak', 1, 1),
('thieves_03_showdown', 'master_thieves_blade', 1, 1);

INSERT INTO `ag_world_event_definitions` (`id`, `name`, `description`, `active_default`, `duration_days`, `quest_reward_multiplier`, `adventurer_morale_bonus`, `effects_json`, `sort_order`) VALUES
('merchant_festival', 'Grand Merchant Festival', 'Traders from across the realm have gathered for the annual merchant festival. Gold flows freely and opportunities abound.', 0, 7, 1.5, 20, '{"questRewardMultiplier":1.5,"adventurerMoraleBonus":20,"specialQuestsAvailable":["festival_guard_duty","merchant_escort","festival_entertainment"]}', 1),
('arcane_surge', 'Arcane Surge', 'Magical energies surge throughout the land, empowering spellcasters but creating dangerous magical anomalies.', 0, 5, 1.3, NULL, '{"questRewardMultiplier":1.3,"specialQuestsAvailable":["magical_anomaly","arcane_research","unstable_portal"]}', 2),
('goblin_uprising', 'Goblin Uprising', 'Goblin tribes across the region have united under a powerful warlord, launching coordinated attacks on settlements.', 0, 10, 1.8, -10, '{"questRewardMultiplier":1.8,"adventurerMoraleBonus":-10,"specialQuestsAvailable":["goblin_raid_defense","warlord_hunt","supply_line_disruption"]}', 3),
('harvest_moon', 'Harvest Moon Blessing', 'The harvest moon brings prosperity to the land. Crops grow bountifully and spirits are high.', 0, 3, 1.2, 15, '{"questRewardMultiplier":1.2,"adventurerMoraleBonus":15,"specialQuestsAvailable":["harvest_protection","moon_ritual","abundant_gathering"]}', 4),
('planar_rift', 'Planar Rift Crisis', 'A tear in reality has opened, allowing creatures from other planes to pour through. The very fabric of existence is at stake.', 0, 14, 2.5, -20, '{"questRewardMultiplier":2.5,"adventurerMoraleBonus":-20,"specialQuestsAvailable":["rift_sealing","planar_creature_hunt","reality_anchor"]}', 5),
('dragon_migration', 'Dragon Migration', 'Ancient dragons are migrating across the skies, their presence both terrifying and awe-inspiring.', 0, 6, 2.0, NULL, '{"questRewardMultiplier":2,"specialQuestsAvailable":["dragon_sighting","scale_collection","dragon_negotiation"]}', 6),
('bards_convention', 'Grand Bards'' Convention', 'Storytellers and musicians gather to share tales and songs, inspiring all who hear them.', 0, 4, 1.1, 25, '{"questRewardMultiplier":1.1,"adventurerMoraleBonus":25,"specialQuestsAvailable":["tale_collection","musical_quest","inspiration_spreading"]}', 7),
('undead_plague', 'Undead Plague', 'Dark necromancy has raised the dead across multiple graveyards. The living must band together against this threat.', 0, 12, 2.2, -15, '{"questRewardMultiplier":2.2,"adventurerMoraleBonus":-15,"specialQuestsAvailable":["graveyard_cleansing","necromancer_hunt","holy_blessing"]}', 8);

INSERT INTO `ag_world_event_special_quests` (`event_id`, `quest_id`) VALUES
('merchant_festival', 'festival_guard_duty'),
('merchant_festival', 'merchant_escort'),
('arcane_surge', 'magical_anomaly'),
('arcane_surge', 'unstable_portal'),
('goblin_uprising', 'goblin_raid_defense'),
('goblin_uprising', 'warlord_hunt'),
('planar_rift', 'rift_sealing'),
('planar_rift', 'planar_creature_hunt');

INSERT INTO `ag_faction_definitions` (`id`, `name`, `base_reputation`, `description`, `reward_multiplier`, `quest_modifiers_json`, `sort_order`) VALUES
('merchants_guild', 'Merchants'' Guild', 0, 'A powerful organization of traders and merchants who control much of the region''s commerce.', 1.2, '{"rewardMultiplier":1.2,"availableQuestTypes":["merchant_escort","trade_route_security","cargo_protection"]}', 1),
('temple_of_light', 'Temple of Light', 0, 'A religious organization dedicated to fighting darkness and evil throughout the land.', 1.1, '{"rewardMultiplier":1.1,"availableQuestTypes":["undead_cleansing","holy_blessing","temple_protection","divine_quest"]}', 2),
('royal_guard', 'Royal Guard', 0, 'The elite military force serving the crown, often requesting assistance with matters of national security.', 1.3, '{"rewardMultiplier":1.3,"availableQuestTypes":["royal_escort","border_patrol","investigation","diplomatic_mission"]}', 3),
('mages_circle', 'Circle of Mages', 0, 'An ancient order of wizards and scholars dedicated to the study and preservation of magical knowledge.', 1.25, '{"rewardMultiplier":1.25,"availableQuestTypes":["magical_research","artifact_recovery","spell_component_gathering","arcane_study"]}', 4),
('thieves_brotherhood', 'Thieves'' Brotherhood', 0, 'A secretive organization of rogues and information brokers who operate in the shadows.', 1.4, '{"rewardMultiplier":1.4,"availableQuestTypes":["stealth_mission","information_gathering","infiltration","heist_planning"]}', 5),
('forest_druids', 'Forest Druids', 0, 'Guardians of nature who seek to maintain the balance between civilization and the wild.', 1.15, '{"rewardMultiplier":1.15,"availableQuestTypes":["forest_protection","beast_taming","nature_restoration","druid_ritual"]}', 6),
('artisan_league', 'Artisan League', 0, 'A confederation of skilled craftspeople who create the finest weapons, armor, and tools.', 1.1, '{"rewardMultiplier":1.1,"availableQuestTypes":["material_gathering","workshop_protection","delivery_mission","quality_inspection"]}', 7),
('mountain_clans', 'Mountain Clans', 0, 'Hardy folk who dwell in the high peaks and valleys, known for their mining expertise and warrior traditions.', 1.2, '{"rewardMultiplier":1.2,"availableQuestTypes":["mining_expedition","mountain_patrol","clan_dispute","monster_hunt"]}', 8);

INSERT INTO `ag_faction_definition_quest_types` (`faction_id`, `quest_type`) VALUES
('merchants_guild', 'merchant_escort'),
('merchants_guild', 'trade_route_security'),
('merchants_guild', 'cargo_protection'),
('temple_of_light', 'undead_cleansing'),
('temple_of_light', 'holy_blessing'),
('temple_of_light', 'temple_protection'),
('temple_of_light', 'divine_quest'),
('royal_guard', 'royal_escort'),
('royal_guard', 'border_patrol'),
('royal_guard', 'investigation'),
('royal_guard', 'diplomatic_mission'),
('mages_circle', 'magical_research'),
('mages_circle', 'artifact_recovery'),
('mages_circle', 'spell_component_gathering'),
('mages_circle', 'arcane_study'),
('thieves_brotherhood', 'stealth_mission'),
('thieves_brotherhood', 'information_gathering'),
('thieves_brotherhood', 'infiltration'),
('thieves_brotherhood', 'heist_planning'),
('forest_druids', 'forest_protection'),
('forest_druids', 'beast_taming'),
('forest_druids', 'nature_restoration'),
('forest_druids', 'druid_ritual'),
('artisan_league', 'material_gathering'),
('artisan_league', 'workshop_protection'),
('artisan_league', 'delivery_mission'),
('artisan_league', 'quality_inspection'),
('mountain_clans', 'mining_expedition'),
('mountain_clans', 'mountain_patrol'),
('mountain_clans', 'clan_dispute'),
('mountain_clans', 'monster_hunt');

INSERT INTO `ag_crafting_material_definitions` (`id`, `name`, `rarity`, `sources_json`, `sort_order`) VALUES
('iron_ore', 'Iron Ore', 'common', '["mining","forest_patrol","bandit_cleanup"]', 1),
('leather_scraps', 'Leather Scraps', 'common', '["monster_hunt","wilderness_scout","beast_tracking"]', 2),
('magic_essence', 'Magic Essence', 'common', '["magical_research","spell_component_gathering","mana_collection"]', 3),
('wood_planks', 'Hardwood Planks', 'common', '["forest_patrol","lumber_gathering","tree_guardian"]', 4),
('silver_ingot', 'Silver Ingot', 'uncommon', '["mine_security","treasure_hunt","merchant_escort"]', 5),
('crystal_shard', 'Crystal Shard', 'uncommon', '["crystal_harvesting","cave_mapping","underground_exploration"]', 6),
('enchanted_cloth', 'Enchanted Cloth', 'uncommon', '["magical_anomaly","arcane_research","spell_weaving"]', 7),
('blessed_water', 'Blessed Water', 'uncommon', '["temple_blessing","holy_ritual","divine_quest"]', 8),
('mithril_ore', 'Mithril Ore', 'rare', '["deep_mining","dragon_lair","ancient_ruins"]', 9),
('phoenix_feather', 'Phoenix Feather', 'rare', '["legendary_beast_hunt","elemental_plane","fire_trial"]', 10),
('moonstone', 'Moonstone', 'rare', '["lunar_ritual","night_quest","celestial_event"]', 11),
('shadow_silk', 'Shadow Silk', 'rare', '["stealth_mission","assassin_guild","dark_ritual"]', 12),
('adamantine', 'Adamantine', 'epic', '["planar_expedition","god_touched_mine","legendary_quest"]', 13),
('dragon_scale', 'Dragon Scale', 'epic', '["dragon_slaying","ancient_dragon","dragonlord_quest"]', 14),
('star_fragment', 'Star Fragment', 'epic', '["cosmic_event","meteor_recovery","celestial_battle"]', 15),
('void_essence', 'Void Essence', 'epic', '["planar_rift","void_creature_hunt","reality_anchor"]', 16),
('divine_metal', 'Divine Metal', 'legendary', '["god_quest","divine_intervention","celestial_forge"]', 17),
('primordial_crystal', 'Primordial Crystal', 'legendary', '["creation_myth_quest","world_origin","time_itself"]', 18),
('essence_of_eternity', 'Essence of Eternity', 'legendary', '["immortal_quest","time_manipulation","eternal_guardian"]', 19);

INSERT INTO `ag_crafting_recipe_definitions` (`id`, `name`, `result_item_id`, `gold_cost`, `required_facility_level`, `sort_order`) VALUES
('iron_sword', 'Iron Sword', 'crafted_iron_sword', 100, 1, 1),
('silver_blade', 'Silver Blade', 'crafted_silver_blade', 300, 2, 2),
('mithril_sword', 'Mithril Sword', 'crafted_mithril_sword', 800, 3, 3),
('leather_armor', 'Leather Armor', 'crafted_leather_armor', 80, 1, 4),
('enchanted_robes', 'Enchanted Robes', 'crafted_enchanted_robes', 400, 2, 5),
('shadow_cloak', 'Shadow Cloak', 'crafted_shadow_cloak', 1000, 4, 6),
('crystal_pendant', 'Crystal Pendant', 'crafted_crystal_pendant', 250, 2, 7),
('phoenix_amulet', 'Phoenix Amulet', 'crafted_phoenix_amulet', 1200, 3, 8),
('divine_blade', 'Divine Blade', 'crafted_divine_blade', 5000, 5, 9),
('eternal_armor', 'Eternal Armor', 'crafted_eternal_armor', 6000, 5, 10),
('crown_of_legends', 'Crown of Legends', 'crafted_crown_of_legends', 8000, 5, 11);

INSERT INTO `ag_crafting_recipe_materials` (`recipe_id`, `material_id`, `quantity`) VALUES
('iron_sword', 'iron_ore', 3),
('iron_sword', 'wood_planks', 1),
('silver_blade', 'silver_ingot', 2),
('silver_blade', 'crystal_shard', 1),
('silver_blade', 'magic_essence', 2),
('mithril_sword', 'mithril_ore', 2),
('mithril_sword', 'moonstone', 1),
('mithril_sword', 'blessed_water', 2),
('leather_armor', 'leather_scraps', 4),
('enchanted_robes', 'enchanted_cloth', 3),
('enchanted_robes', 'magic_essence', 3),
('enchanted_robes', 'crystal_shard', 1),
('shadow_cloak', 'shadow_silk', 3),
('shadow_cloak', 'void_essence', 1),
('shadow_cloak', 'moonstone', 2),
('crystal_pendant', 'crystal_shard', 2),
('crystal_pendant', 'silver_ingot', 1),
('crystal_pendant', 'magic_essence', 2),
('phoenix_amulet', 'phoenix_feather', 1),
('phoenix_amulet', 'star_fragment', 1),
('phoenix_amulet', 'blessed_water', 3),
('divine_blade', 'divine_metal', 3),
('divine_blade', 'essence_of_eternity', 1),
('divine_blade', 'primordial_crystal', 1),
('eternal_armor', 'divine_metal', 2),
('eternal_armor', 'dragon_scale', 2),
('eternal_armor', 'adamantine', 2),
('crown_of_legends', 'primordial_crystal', 2),
('crown_of_legends', 'essence_of_eternity', 1),
('crown_of_legends', 'star_fragment', 2);

INSERT INTO `ag_seasonal_event_definitions` (`id`, `name`, `description`, `season`, `duration_days`, `rewards_json`, `special_recruits_json`, `unlock_conditions_json`, `sort_order`) VALUES
('spring_awakening', 'Spring Awakening Festival', 'Nature blooms anew and magical energies flow freely. Ancient spirits awaken from winter slumber.', 'spring', 10, '{"goldBonus":1.2,"experienceBonus":1.3,"specialItems":[{"id":"bloom_staff","name":"Staff of Eternal Bloom","type":"weapon","rarity":"epic","stats":{"intelligence":25,"vitality":15,"dexterity":10},"crafted":false},{"id":"nature_crown","name":"Crown of Nature''s Favor","type":"accessory","rarity":"rare","stats":{"intelligence":18,"vitality":12},"crafted":false}]}', '[{"id":"spring_druid","name":"Grove Keeper Elara","level":4,"class":"Mage","cost":400,"personality":{"courage":60,"loyalty":85,"ambition":45,"teamwork":80,"greed":20},"potentialSkills":{"magic.elementalMastery":20,"survival.herbalism":18,"magic.spellPower":15}}]', NULL, 1),
('summer_solstice', 'Midsummer Fire Festival', 'The sun reaches its peak power, and fire elementals dance in celebration. Heroes test their courage against trials of flame.', 'summer', 7, '{"goldBonus":1.5,"experienceBonus":1.2,"specialItems":[{"id":"solar_blade","name":"Sword of Solar Flare","type":"weapon","rarity":"legendary","stats":{"strength":30,"intelligence":15,"vitality":20},"crafted":false},{"id":"flame_cloak","name":"Cloak of Dancing Flames","type":"armor","rarity":"epic","stats":{"vitality":20,"intelligence":18,"dexterity":12},"crafted":false}]}', NULL, '{"guildLevel":3,"reputation":150}', 2),
('harvest_moon', 'Harvest Moon Celebration', 'The autumn harvest brings abundance, but also awakens creatures that feed on the bounty.', 'autumn', 8, '{"goldBonus":1.8,"experienceBonus":1.1,"specialItems":[{"id":"harvest_scythe","name":"Moonlit Harvest Scythe","type":"weapon","rarity":"epic","stats":{"strength":22,"dexterity":18,"vitality":15},"crafted":false},{"id":"bounty_pouch","name":"Endless Bounty Pouch","type":"accessory","rarity":"rare","stats":{"vitality":15,"intelligence":12,"strength":8},"crafted":false}]}', NULL, NULL, 3),
('winter_solstice', 'Longest Night Festival', 'On the longest night of the year, ancient ice spirits emerge and the veil between worlds grows thin.', 'winter', 12, '{"goldBonus":1.3,"experienceBonus":1.4,"specialItems":[{"id":"frost_crown","name":"Crown of Eternal Winter","type":"accessory","rarity":"legendary","stats":{"intelligence":35,"vitality":25,"dexterity":20},"crafted":false},{"id":"ice_blade","name":"Blade of Frozen Tears","type":"weapon","rarity":"epic","stats":{"strength":25,"dexterity":20,"intelligence":15},"crafted":false}]}', NULL, '{"guildLevel":4,"reputation":200}', 4),
('dragons_return', 'Festival of the Dragon''s Return', 'Ancient legends speak of dragons returning to bless worthy guilds. Only the most accomplished adventurers may witness this event.', 'festival', 5, '{"goldBonus":2,"experienceBonus":2,"specialItems":[{"id":"dragon_heart_amulet","name":"Dragon Heart Amulet","type":"accessory","rarity":"legendary","stats":{"strength":25,"intelligence":25,"dexterity":25,"vitality":25},"crafted":false},{"id":"dragonscale_armor","name":"True Dragonscale Armor","type":"armor","rarity":"legendary","stats":{"vitality":40,"strength":20,"intelligence":15},"crafted":false}]}', NULL, '{"guildLevel":8,"reputation":500,"completedQuests":["dragon_03_awakening"]}', 5);

INSERT INTO `ag_starter_adventurer_templates` (`id`, `name`, `class`, `rank_name`, `level`, `experience`, `status`, `strength`, `intelligence`, `dexterity`, `vitality`, `personality_json`, `skills_json`, `relationships_json`, `quests_completed`, `years_in_guild`, `retirement_eligible`, `sort_order`) VALUES
('adv_001', 'Thrain Ironfist', 'Warrior', 'Journeyman', 3, 150, 'available', 35, 15, 20, 30, '{"courage":50,"loyalty":50,"ambition":50,"teamwork":50,"greed":50}', '{"combat":{"weaponMastery":0,"tacticalKnowledge":0,"battleRage":0},"magic":{"spellPower":0,"manaEfficiency":0,"elementalMastery":0},"stealth":{"lockpicking":0,"sneaking":0,"assassination":0},"survival":{"tracking":0,"herbalism":0,"animalHandling":0}}', '[]', 0, 0, 0, 1),
('adv_002', 'Elara Stormweaver', 'Mage', 'Apprentice', 2, 75, 'available', 10, 30, 15, 20, '{"courage":50,"loyalty":50,"ambition":50,"teamwork":50,"greed":50}', '{"combat":{"weaponMastery":0,"tacticalKnowledge":0,"battleRage":0},"magic":{"spellPower":0,"manaEfficiency":0,"elementalMastery":0},"stealth":{"lockpicking":0,"sneaking":0,"assassination":0},"survival":{"tracking":0,"herbalism":0,"animalHandling":0}}', '[]', 0, 0, 0, 2);
